trace_name,event_id,case_type,quadrant,c1_source,c2_source,c1_resid_s,c2_resid_s,margin_fixed,cand_sep_s,snr_db,ok_scalar,ok_wps
10119071.IV.T1219..HN,10119071,wf_fixes_scalar,Q1,stead+ida,stead+ida,,,0.00014156045071445078,39.21,29.074,False,True
10189651.IV.T1216..HN,10189651,wf_breaks_scalar,Q1,ida,stead,-0.35033702271402234,0.35966297728597496,2.1887217348753403,0.71,37.472,True,False
10303321.IV.MRLC..HN,10303321,wf_breaks_scalar,Q2,stead,ida,0.5496141691234584,-0.28038583087654345,0.5710316478931806,0.83,27.431,True,False
10353631.IV.SMA1..EH,10353631,wf_fixes_scalar,Q1,stead,ida,,,0.4377503837080283,1.05,32.805,False,True
10385651.IV.NRCA..HH,10385651,wf_breaks_scalar,Q2,stead+ida,ida,-0.2015004648085812,0.5984995351914195,7.413484760992164,0.8,32.653,True,False
10385651.IV.NRCA..HN,10385651,wf_breaks_scalar,Q2,stead,ida,-0.18150046480857807,0.6184995351914191,6.935410621530574,0.8,34.314,True,False
10403471.IV.T1219..HN,10403471,wf_fixes_scalar,Q1,stead+ida,stead+ida,,,0.0026291916453757835,35.16,41.839,False,True
10408571.IV.T1215..HN,10408571,wf_fixes_scalar,Q1,stead,stead,,,0.1472133354601297,62.27,21.552,False,True
10408571.IV.T1218..HN,10408571,wf_fixes_scalar,Q2,stead+ida,stead+ida,,,2.0380330542094094e-05,52.02,20.098,False,True
10421181.IV.NRCA..HH,10421181,wf_fixes_scalar,Q2,stead+ida,stead+ida,,,0.08858787968735271,44.14,41.403,False,True
10660881.IV.T1216..HN,10660881,wf_fixes_scalar,Q2,stead+ida,stead+ida,,,0.007291015485954233,65.56,9.731,False,True
10765541.IV.TRIV..HH,10765541,wf_breaks_scalar,Q2,stead+ida,ida,1.0638339616408476,-0.2761660383591522,0.3461671120635594,1.34,17.03,True,False
10768961.IV.CSP1..EH,10768961,wf_breaks_scalar,Q2,stead+ida,stead,,,0.017401162401741777,17.18,2.424,True,False
10768961.IV.T1219..HN,10768961,wf_fixes_scalar,Q1,stead+ida,stead,,,0.3684319575021245,17.66,12.493,False,True
11036421.IV.T1213..HN,11036421,wf_breaks_scalar,Q2,ida,stead,-0.041669615520849135,0.19833038447915285,1.1265450376576336,0.24,18.466,True,False
11466541.IV.RM33..HN,11466541,wf_fixes_scalar,Q1,stead,ida,0.04053327635091719,-0.14946672364908054,0.5104058765425195,0.19,10.735,False,True
12093261.IV.T1214..EH,12093261,wf_fixes_scalar,Q2,stead+ida,stead+ida,,,0.07947592182794239,16.09,14.188,False,True
12120681.IV.GUMA..HN,12120681,wf_fixes_scalar,Q2,stead+ida,stead+ida,-0.24079294066023849,0.7592070593397615,4.0359327465778065,1.0,10.396,False,True
12191161.IV.T1220..HN,12191161,wf_breaks_scalar,Q2,stead,ida,0.27601697229899713,0.36601697229899344,0.8271577505808092,0.09,4.398,True,False
12194351.IV.T1211..HN,12194351,wf_fixes_scalar,Q2,ida,stead,-0.34315109633628893,0.4468489036637102,0.4548857130694932,0.79,0.623,False,True
12332801.IV.T1247..HH,12332801,wf_breaks_scalar,Q2,stead,ida,,,0.3980462294840734,0.07,13.367,True,False
12417891.IV.T1213..EH,12417891,wf_fixes_scalar,Q2,stead+ida,stead,,,0.04718822084152042,16.38,28.796,False,True
12417891.IV.T1213..HN,12417891,wf_fixes_scalar,Q2,stead,stead,,,0.02356643275365629,16.43,21.689,False,True
12417891.IV.T1218..EH,12417891,wf_fixes_scalar,Q1,stead,stead,,,0.0023327552680499006,14.22,34.695,False,True
12417891.IV.T1218..HN,12417891,wf_fixes_scalar,Q2,stead,stead,,,0.028939010429879085,14.3,37.08,False,True
12494431.IV.RNI2..HN,12494431,wf_breaks_scalar,Q1,ida,ida,-0.3632503304724164,0.626749669527582,3.6564663608395547,0.99,12.86,True,False
12623981.IV.GUAR..HH,12623981,wf_breaks_scalar,Q1,stead,ida,0.4286385537585815,1.0486385537585825,0.6544733809213392,0.62,7.648,True,False
12979811.IV.FOSV..HN,12979811,wf_breaks_scalar,Q1,stead+ida,stead,0.6578863887582749,-0.25211361124172527,0.43220199956384253,0.91,4.107,True,False
13093801.IV.T1218..HN,13093801,wf_fixes_scalar,Q2,stead,ida,,,0.08124924483220042,25.62,10.235,False,True
13130851.IV.T1201..HN,13130851,wf_breaks_scalar,Q2,stead,ida,-0.16235415698647238,0.21764584301352663,1.8156726628226343,0.38,22.675,True,False
13314031.IV.VVLD..HH,13314031,wf_breaks_scalar,Q1,stead,ida,-0.7117538684256104,1.138246131574391,2.791550263410741,1.85,27.3,True,False
13579961.IV.T1212..HN,13579961,wf_fixes_scalar,Q1,ida,ida,-0.05714095941679531,0.622859040583208,2.4984711000117192,0.68,7.094,False,True
13647211.IV.T1211..EH,13647211,wf_fixes_scalar,Q1,stead,ida,,,0.33442303055773154,0.21,18.942,False,True
13647211.IV.T1214..EH,13647211,wf_fixes_scalar,Q2,stead+ida,stead,,,0.10492189563928839,45.69,27.741,False,True
13647211.IV.T1214..HN,13647211,wf_fixes_scalar,Q2,stead+ida,stead,,,0.10248563572992489,45.7,12.03,False,True
13647211.IV.T1241..EH,13647211,wf_fixes_scalar,Q1,stead,stead+ida,,,0.06918223923667455,47.04,9.636,False,True
13688841.IV.LPEL..HH,13688841,wf_breaks_scalar,Q1,stead,ida,-0.10044827315638116,0.2695517268436163,2.6805273996980175,0.37,16.333,True,False
13809861.IV.CESX..HH,13809861,wf_fixes_scalar,Q1,stead,ida,,,0.39146785119407923,0.86,28.079,False,True
13827761.IV.T1216..EH,13827761,wf_breaks_scalar,Q2,stead,ida,0.38692395412485237,-0.10307604587514607,1.3468519144917648,0.49,24.27,True,False
13859461.IV.T1211..EH,13859461,wf_fixes_scalar,Q2,ida,stead,-0.2749395169730722,0.2350604830269294,0.09005469811080852,0.51,11.561,False,True
13911161.IV.T1215..HN,13911161,wf_breaks_scalar,Q2,stead,ida,0.0683201833010827,-0.07167981669891788,0.3569649347160393,0.14,15.092,True,False
14314281.IV.T1214..HN,14314281,wf_breaks_scalar,Q1,stead,stead,0.4041513666216048,-0.4758486333783942,0.4899085635381096,0.88,12.549,True,False
14354251.IV.T1245..HN,14354251,wf_breaks_scalar,Q2,stead,ida,-0.3451504376789103,0.43484956232109084,1.5962316762364894,0.78,3.277,True,False
14411081.IV.CAFE..HN,14411081,wf_fixes_scalar,Q1,stead,stead+ida,0.5389960602265234,-0.7810039397734769,0.8981674269948976,1.32,20.996,False,True
14411081.IV.GATE..HH,14411081,wf_breaks_scalar,Q2,stead,ida,-0.741448563191617,0.9885514368083834,0.5374725399737996,1.73,40.936,True,False
14411081.IV.SGTA..HN,14411081,wf_breaks_scalar,Q2,stead,stead,-0.6410336954266889,0.2989663045733124,0.09713910120008362,0.94,16.416,True,False
14644981.IV.T1214..EH,14644981,wf_breaks_scalar,Q1,stead+ida,stead,0.5330019183439205,-0.34699808165608204,0.30924788395579056,0.88,33.195,True,False
14644981.IV.T1241..EH,14644981,wf_breaks_scalar,Q1,stead,stead,-0.20242419981301296,0.7675758001869859,0.39941724595419714,0.97,18.8,True,False
14725101.IV.T1211..HN,14725101,wf_breaks_scalar,Q2,stead,ida,,,0.4773116086477245,0.46,13.039,True,False
14725101.IV.T1214..HN,14725101,wf_breaks_scalar,Q2,stead,ida,,,0.5290401618362353,0.37,30.482,True,False
15092171.IV.ESLN..HH,15092171,wf_breaks_scalar,Q2,stead,ida,-0.7422662862744112,-0.24226628627441116,0.9043070551243522,0.5,8.739,True,False
15537631.IV.NRCA..HN,15537631,wf_fixes_scalar,Q1,ida,stead,,,3.2105237496288197,10.92,4.152,False,True
15546131.XO.AM05..EH,15546131,wf_fixes_scalar,Q1,ida,ida,,,0.19512467486748486,47.14,14.593,False,True
15577851.IV.CAFE..HH,15577851,wf_fixes_scalar,Q1,stead,ida,,,0.4237068764377341,0.8,5.43,False,True
15577851.IV.SACR..HN,15577851,wf_fixes_scalar,Q1,stead,ida,,,0.3720411170335538,0.79,23.047,False,True
15695741.IV.SNTG..HN,15695741,wf_fixes_scalar,Q2,stead,ida,0.27716482444559887,-0.2428351755544007,0.42840401625581065,0.52,9.403,False,True
16538521.IV.T1219..EH,16538521,wf_fixes_scalar,Q1,stead+ida,stead,,,0.03802742333782305,31.41,57.541,False,True
16662701.IV.CMPR..HH,16662701,wf_breaks_scalar,Q1,stead+ida,ida,-0.5514755471552704,0.5185244528447299,0.7705080767625379,1.07,8.484,True,False
16770511.IV.CAR1..HH,16770511,wf_fixes_scalar,Q2,stead,ida,-0.33627304679944814,-0.2062730467994527,0.7636677370004874,0.13,18.184,False,True
16796371.IV.HLNI..HH,16796371,wf_fixes_scalar,Q2,stead,ida,-0.6940120957311962,-0.37401209573119587,0.7880350468223183,0.32,3.405,False,True
9512411.IV.GUMA..HN,9512411,wf_fixes_scalar,Q2,stead+ida,stead+ida,,,0.08679051571407115,29.98,10.486,False,True
9598811.IV.T1212..EH,9598811,wf_fixes_scalar,Q2,stead+ida,stead,,,0.08379028715887671,42.19,32.776,False,True
9668881.IV.T1212..HN,9668881,wf_fixes_scalar,Q2,ida,ida,-0.3611031185969953,1.1388968814030047,5.076970473603589,1.5,8.619,False,True
9729171.IV.FIAM..HN,9729171,wf_breaks_scalar,Q1,stead,ida,0.062448128315427454,-0.007551871684572831,1.0691851998549018,0.07,2.89,True,False
9729921.IV.T1218..EH,9729921,wf_fixes_scalar,Q2,stead+ida,stead,,,0.006309656067870151,47.15,22.789,False,True
9729921.IV.T1218..HN,9729921,wf_fixes_scalar,Q2,stead+ida,stead,,,0.16775504448105494,47.05,18.292,False,True
9813671.IV.T1219..EH,9813671,wf_fixes_scalar,Q1,stead,stead+ida,,,0.11109812556630771,59.67,25.447,False,True
9963001.IV.T1245..HN,9963001,wf_fixes_scalar,Q2,ida,stead,-0.20585655038338668,0.34414344961661403,0.38216400343715684,0.55,25.083,False,True
9963461.IV.T1215..HN,9963461,wf_fixes_scalar,Q1,stead+ida,stead+ida,,,0.1898974517560177,25.1,11.284,False,True
9963461.IV.T1219..HN,9963461,wf_fixes_scalar,Q2,stead+ida,stead+ida,,,0.010496062047650412,23.68,32.936,False,True
